country,continent,year,lifeExp,pop,gdpPercap
Afghanistan,Asia,2007,43.828,31889923,974.5803
Albania,Europe,2007,76.423,3600523,5937.0295
Algeria,Africa,2007,72.301,33333216,6223.3675
Angola,Africa,2007,42.731,12420476,4797.2313
Argentina,Americas,2007,75.32,40301927,12779.3796
Australia,Oceania,2007,81.235,20434176,34435.3674
Austria,Europe,2007,79.829,8199783,36126.4927
Bahrain,Asia,2007,75.635,708573,29796.0483
Bangladesh,Asia,2007,64.062,150448339,1391.2538
Belgium,Europe,2007,79.441,10392226,33692.6051
Benin,Africa,2007,56.728,8078314,1441.2849
Bolivia,Americas,2007,65.554,9119152,3822.1371
Bosnia and Herzegovina,Europe,2007,74.852,4552198,7446.2988